"Location";"Source"
"45378037-0-1";"Лицар-дракон"
"45378037-0-2";"Чародій"
"45378037-0-3";"Клинок ночі"
"45378037-0-4";"Оборонець"
"45378037-0-5";"Некромант"
"45378037-0-6";"Храмовник"
"45378037-0-113";"SUPER DUPER CLASS"
"45378037-0-117";"Arcanist"
"45378037-0-123";"Cyrodiil Champion"
"45378037-0-124";"Vengeance Dragonknight"
"45378037-0-125";"Vengeance Sorcerer"
"45378037-0-126";"Vengeance Nightblade"
"45378037-0-127";"Vengeance Templar"
"45378037-0-128";"Vengeance Warden"
"45378037-0-129";"Vengeance Necromancer"
"45378037-0-130";"Vengeance Arcanist"
